,iteration,message,category,filename,lineno
0,0,TabPFNClassifier(n_jobs=...) is deprecated and has no effect. Use `n_preprocessing_jobs` instead.,DeprecationWarning,/tmp/ipykernel_1040/9505350.py,263
1,1,TabPFNClassifier(n_jobs=...) is deprecated and has no effect. Use `n_preprocessing_jobs` instead.,DeprecationWarning,/tmp/ipykernel_1040/9505350.py,263
2,2,TabPFNClassifier(n_jobs=...) is deprecated and has no effect. Use `n_preprocessing_jobs` instead.,DeprecationWarning,/tmp/ipykernel_1040/9505350.py,263
3,3,TabPFNClassifier(n_jobs=...) is deprecated and has no effect. Use `n_preprocessing_jobs` instead.,DeprecationWarning,/tmp/ipykernel_1040/9505350.py,263
4,4,TabPFNClassifier(n_jobs=...) is deprecated and has no effect. Use `n_preprocessing_jobs` instead.,DeprecationWarning,/tmp/ipykernel_1040/9505350.py,263
5,5,TabPFNClassifier(n_jobs=...) is deprecated and has no effect. Use `n_preprocessing_jobs` instead.,DeprecationWarning,/tmp/ipykernel_1040/9505350.py,263
6,6,TabPFNClassifier(n_jobs=...) is deprecated and has no effect. Use `n_preprocessing_jobs` instead.,DeprecationWarning,/tmp/ipykernel_1040/9505350.py,263
7,7,TabPFNClassifier(n_jobs=...) is deprecated and has no effect. Use `n_preprocessing_jobs` instead.,DeprecationWarning,/tmp/ipykernel_1040/9505350.py,263
8,8,TabPFNClassifier(n_jobs=...) is deprecated and has no effect. Use `n_preprocessing_jobs` instead.,DeprecationWarning,/tmp/ipykernel_1040/9505350.py,263
9,9,TabPFNClassifier(n_jobs=...) is deprecated and has no effect. Use `n_preprocessing_jobs` instead.,DeprecationWarning,/tmp/ipykernel_1040/9505350.py,263
10,10,TabPFNClassifier(n_jobs=...) is deprecated and has no effect. Use `n_preprocessing_jobs` instead.,DeprecationWarning,/tmp/ipykernel_1040/9505350.py,263
11,11,TabPFNClassifier(n_jobs=...) is deprecated and has no effect. Use `n_preprocessing_jobs` instead.,DeprecationWarning,/tmp/ipykernel_1040/9505350.py,263
12,12,TabPFNClassifier(n_jobs=...) is deprecated and has no effect. Use `n_preprocessing_jobs` instead.,DeprecationWarning,/tmp/ipykernel_1040/9505350.py,263
13,13,TabPFNClassifier(n_jobs=...) is deprecated and has no effect. Use `n_preprocessing_jobs` instead.,DeprecationWarning,/tmp/ipykernel_1040/9505350.py,263
14,14,TabPFNClassifier(n_jobs=...) is deprecated and has no effect. Use `n_preprocessing_jobs` instead.,DeprecationWarning,/tmp/ipykernel_1040/9505350.py,263
15,15,TabPFNClassifier(n_jobs=...) is deprecated and has no effect. Use `n_preprocessing_jobs` instead.,DeprecationWarning,/tmp/ipykernel_1040/9505350.py,263
16,16,TabPFNClassifier(n_jobs=...) is deprecated and has no effect. Use `n_preprocessing_jobs` instead.,DeprecationWarning,/tmp/ipykernel_1040/9505350.py,263
17,17,TabPFNClassifier(n_jobs=...) is deprecated and has no effect. Use `n_preprocessing_jobs` instead.,DeprecationWarning,/tmp/ipykernel_1040/9505350.py,263
18,18,TabPFNClassifier(n_jobs=...) is deprecated and has no effect. Use `n_preprocessing_jobs` instead.,DeprecationWarning,/tmp/ipykernel_1040/9505350.py,263
19,19,TabPFNClassifier(n_jobs=...) is deprecated and has no effect. Use `n_preprocessing_jobs` instead.,DeprecationWarning,/tmp/ipykernel_1040/9505350.py,263
20,20,TabPFNClassifier(n_jobs=...) is deprecated and has no effect. Use `n_preprocessing_jobs` instead.,DeprecationWarning,/tmp/ipykernel_1040/9505350.py,263
21,21,TabPFNClassifier(n_jobs=...) is deprecated and has no effect. Use `n_preprocessing_jobs` instead.,DeprecationWarning,/tmp/ipykernel_1040/9505350.py,263
22,22,TabPFNClassifier(n_jobs=...) is deprecated and has no effect. Use `n_preprocessing_jobs` instead.,DeprecationWarning,/tmp/ipykernel_1040/9505350.py,263
23,23,TabPFNClassifier(n_jobs=...) is deprecated and has no effect. Use `n_preprocessing_jobs` instead.,DeprecationWarning,/tmp/ipykernel_1040/9505350.py,263
24,24,TabPFNClassifier(n_jobs=...) is deprecated and has no effect. Use `n_preprocessing_jobs` instead.,DeprecationWarning,/tmp/ipykernel_1040/9505350.py,263
25,25,TabPFNClassifier(n_jobs=...) is deprecated and has no effect. Use `n_preprocessing_jobs` instead.,DeprecationWarning,/tmp/ipykernel_1040/9505350.py,263
26,26,TabPFNClassifier(n_jobs=...) is deprecated and has no effect. Use `n_preprocessing_jobs` instead.,DeprecationWarning,/tmp/ipykernel_1040/9505350.py,263
27,27,TabPFNClassifier(n_jobs=...) is deprecated and has no effect. Use `n_preprocessing_jobs` instead.,DeprecationWarning,/tmp/ipykernel_1040/9505350.py,263
28,28,TabPFNClassifier(n_jobs=...) is deprecated and has no effect. Use `n_preprocessing_jobs` instead.,DeprecationWarning,/tmp/ipykernel_1040/9505350.py,263
29,29,TabPFNClassifier(n_jobs=...) is deprecated and has no effect. Use `n_preprocessing_jobs` instead.,DeprecationWarning,/tmp/ipykernel_1040/9505350.py,263
30,30,TabPFNClassifier(n_jobs=...) is deprecated and has no effect. Use `n_preprocessing_jobs` instead.,DeprecationWarning,/tmp/ipykernel_1040/9505350.py,263
31,31,TabPFNClassifier(n_jobs=...) is deprecated and has no effect. Use `n_preprocessing_jobs` instead.,DeprecationWarning,/tmp/ipykernel_1040/9505350.py,263
32,32,TabPFNClassifier(n_jobs=...) is deprecated and has no effect. Use `n_preprocessing_jobs` instead.,DeprecationWarning,/tmp/ipykernel_1040/9505350.py,263
33,33,TabPFNClassifier(n_jobs=...) is deprecated and has no effect. Use `n_preprocessing_jobs` instead.,DeprecationWarning,/tmp/ipykernel_1040/9505350.py,263
34,34,TabPFNClassifier(n_jobs=...) is deprecated and has no effect. Use `n_preprocessing_jobs` instead.,DeprecationWarning,/tmp/ipykernel_1040/9505350.py,263
35,35,TabPFNClassifier(n_jobs=...) is deprecated and has no effect. Use `n_preprocessing_jobs` instead.,DeprecationWarning,/tmp/ipykernel_1040/9505350.py,263
36,36,TabPFNClassifier(n_jobs=...) is deprecated and has no effect. Use `n_preprocessing_jobs` instead.,DeprecationWarning,/tmp/ipykernel_1040/9505350.py,263
37,37,TabPFNClassifier(n_jobs=...) is deprecated and has no effect. Use `n_preprocessing_jobs` instead.,DeprecationWarning,/tmp/ipykernel_1040/9505350.py,263
38,38,TabPFNClassifier(n_jobs=...) is deprecated and has no effect. Use `n_preprocessing_jobs` instead.,DeprecationWarning,/tmp/ipykernel_1040/9505350.py,263
39,39,TabPFNClassifier(n_jobs=...) is deprecated and has no effect. Use `n_preprocessing_jobs` instead.,DeprecationWarning,/tmp/ipykernel_1040/9505350.py,263
40,40,TabPFNClassifier(n_jobs=...) is deprecated and has no effect. Use `n_preprocessing_jobs` instead.,DeprecationWarning,/tmp/ipykernel_1040/9505350.py,263
41,41,TabPFNClassifier(n_jobs=...) is deprecated and has no effect. Use `n_preprocessing_jobs` instead.,DeprecationWarning,/tmp/ipykernel_1040/9505350.py,263
42,42,TabPFNClassifier(n_jobs=...) is deprecated and has no effect. Use `n_preprocessing_jobs` instead.,DeprecationWarning,/tmp/ipykernel_1040/9505350.py,263
43,43,TabPFNClassifier(n_jobs=...) is deprecated and has no effect. Use `n_preprocessing_jobs` instead.,DeprecationWarning,/tmp/ipykernel_1040/9505350.py,263
44,44,TabPFNClassifier(n_jobs=...) is deprecated and has no effect. Use `n_preprocessing_jobs` instead.,DeprecationWarning,/tmp/ipykernel_1040/9505350.py,263
45,45,TabPFNClassifier(n_jobs=...) is deprecated and has no effect. Use `n_preprocessing_jobs` instead.,DeprecationWarning,/tmp/ipykernel_1040/9505350.py,263
46,46,TabPFNClassifier(n_jobs=...) is deprecated and has no effect. Use `n_preprocessing_jobs` instead.,DeprecationWarning,/tmp/ipykernel_1040/9505350.py,263
47,47,TabPFNClassifier(n_jobs=...) is deprecated and has no effect. Use `n_preprocessing_jobs` instead.,DeprecationWarning,/tmp/ipykernel_1040/9505350.py,263
48,48,TabPFNClassifier(n_jobs=...) is deprecated and has no effect. Use `n_preprocessing_jobs` instead.,DeprecationWarning,/tmp/ipykernel_1040/9505350.py,263
49,49,TabPFNClassifier(n_jobs=...) is deprecated and has no effect. Use `n_preprocessing_jobs` instead.,DeprecationWarning,/tmp/ipykernel_1040/9505350.py,263
50,50,TabPFNClassifier(n_jobs=...) is deprecated and has no effect. Use `n_preprocessing_jobs` instead.,DeprecationWarning,/tmp/ipykernel_1040/9505350.py,263
51,51,TabPFNClassifier(n_jobs=...) is deprecated and has no effect. Use `n_preprocessing_jobs` instead.,DeprecationWarning,/tmp/ipykernel_1040/9505350.py,263
52,52,TabPFNClassifier(n_jobs=...) is deprecated and has no effect. Use `n_preprocessing_jobs` instead.,DeprecationWarning,/tmp/ipykernel_1040/9505350.py,263
53,53,TabPFNClassifier(n_jobs=...) is deprecated and has no effect. Use `n_preprocessing_jobs` instead.,DeprecationWarning,/tmp/ipykernel_1040/9505350.py,263
54,54,TabPFNClassifier(n_jobs=...) is deprecated and has no effect. Use `n_preprocessing_jobs` instead.,DeprecationWarning,/tmp/ipykernel_1040/9505350.py,263
55,55,TabPFNClassifier(n_jobs=...) is deprecated and has no effect. Use `n_preprocessing_jobs` instead.,DeprecationWarning,/tmp/ipykernel_1040/9505350.py,263
56,56,TabPFNClassifier(n_jobs=...) is deprecated and has no effect. Use `n_preprocessing_jobs` instead.,DeprecationWarning,/tmp/ipykernel_1040/9505350.py,263
57,57,TabPFNClassifier(n_jobs=...) is deprecated and has no effect. Use `n_preprocessing_jobs` instead.,DeprecationWarning,/tmp/ipykernel_1040/9505350.py,263
58,58,TabPFNClassifier(n_jobs=...) is deprecated and has no effect. Use `n_preprocessing_jobs` instead.,DeprecationWarning,/tmp/ipykernel_1040/9505350.py,263
59,59,TabPFNClassifier(n_jobs=...) is deprecated and has no effect. Use `n_preprocessing_jobs` instead.,DeprecationWarning,/tmp/ipykernel_1040/9505350.py,263
60,60,TabPFNClassifier(n_jobs=...) is deprecated and has no effect. Use `n_preprocessing_jobs` instead.,DeprecationWarning,/tmp/ipykernel_1040/9505350.py,263
61,61,TabPFNClassifier(n_jobs=...) is deprecated and has no effect. Use `n_preprocessing_jobs` instead.,DeprecationWarning,/tmp/ipykernel_1040/9505350.py,263
62,62,TabPFNClassifier(n_jobs=...) is deprecated and has no effect. Use `n_preprocessing_jobs` instead.,DeprecationWarning,/tmp/ipykernel_1040/9505350.py,263
63,63,TabPFNClassifier(n_jobs=...) is deprecated and has no effect. Use `n_preprocessing_jobs` instead.,DeprecationWarning,/tmp/ipykernel_1040/9505350.py,263
64,64,TabPFNClassifier(n_jobs=...) is deprecated and has no effect. Use `n_preprocessing_jobs` instead.,DeprecationWarning,/tmp/ipykernel_1040/9505350.py,263
65,65,TabPFNClassifier(n_jobs=...) is deprecated and has no effect. Use `n_preprocessing_jobs` instead.,DeprecationWarning,/tmp/ipykernel_1040/9505350.py,263
66,66,TabPFNClassifier(n_jobs=...) is deprecated and has no effect. Use `n_preprocessing_jobs` instead.,DeprecationWarning,/tmp/ipykernel_1040/9505350.py,263
67,67,TabPFNClassifier(n_jobs=...) is deprecated and has no effect. Use `n_preprocessing_jobs` instead.,DeprecationWarning,/tmp/ipykernel_1040/9505350.py,263
68,68,TabPFNClassifier(n_jobs=...) is deprecated and has no effect. Use `n_preprocessing_jobs` instead.,DeprecationWarning,/tmp/ipykernel_1040/9505350.py,263
69,69,TabPFNClassifier(n_jobs=...) is deprecated and has no effect. Use `n_preprocessing_jobs` instead.,DeprecationWarning,/tmp/ipykernel_1040/9505350.py,263
70,70,TabPFNClassifier(n_jobs=...) is deprecated and has no effect. Use `n_preprocessing_jobs` instead.,DeprecationWarning,/tmp/ipykernel_1040/9505350.py,263
71,71,TabPFNClassifier(n_jobs=...) is deprecated and has no effect. Use `n_preprocessing_jobs` instead.,DeprecationWarning,/tmp/ipykernel_1040/9505350.py,263
72,72,TabPFNClassifier(n_jobs=...) is deprecated and has no effect. Use `n_preprocessing_jobs` instead.,DeprecationWarning,/tmp/ipykernel_1040/9505350.py,263
73,73,TabPFNClassifier(n_jobs=...) is deprecated and has no effect. Use `n_preprocessing_jobs` instead.,DeprecationWarning,/tmp/ipykernel_1040/9505350.py,263
74,74,TabPFNClassifier(n_jobs=...) is deprecated and has no effect. Use `n_preprocessing_jobs` instead.,DeprecationWarning,/tmp/ipykernel_1040/9505350.py,263
75,75,TabPFNClassifier(n_jobs=...) is deprecated and has no effect. Use `n_preprocessing_jobs` instead.,DeprecationWarning,/tmp/ipykernel_1040/9505350.py,263
76,76,TabPFNClassifier(n_jobs=...) is deprecated and has no effect. Use `n_preprocessing_jobs` instead.,DeprecationWarning,/tmp/ipykernel_1040/9505350.py,263
77,77,TabPFNClassifier(n_jobs=...) is deprecated and has no effect. Use `n_preprocessing_jobs` instead.,DeprecationWarning,/tmp/ipykernel_1040/9505350.py,263
78,78,TabPFNClassifier(n_jobs=...) is deprecated and has no effect. Use `n_preprocessing_jobs` instead.,DeprecationWarning,/tmp/ipykernel_1040/9505350.py,263
79,79,TabPFNClassifier(n_jobs=...) is deprecated and has no effect. Use `n_preprocessing_jobs` instead.,DeprecationWarning,/tmp/ipykernel_1040/9505350.py,263
80,80,TabPFNClassifier(n_jobs=...) is deprecated and has no effect. Use `n_preprocessing_jobs` instead.,DeprecationWarning,/tmp/ipykernel_1040/9505350.py,263
81,81,TabPFNClassifier(n_jobs=...) is deprecated and has no effect. Use `n_preprocessing_jobs` instead.,DeprecationWarning,/tmp/ipykernel_1040/9505350.py,263
82,82,TabPFNClassifier(n_jobs=...) is deprecated and has no effect. Use `n_preprocessing_jobs` instead.,DeprecationWarning,/tmp/ipykernel_1040/9505350.py,263
83,83,TabPFNClassifier(n_jobs=...) is deprecated and has no effect. Use `n_preprocessing_jobs` instead.,DeprecationWarning,/tmp/ipykernel_1040/9505350.py,263
84,84,TabPFNClassifier(n_jobs=...) is deprecated and has no effect. Use `n_preprocessing_jobs` instead.,DeprecationWarning,/tmp/ipykernel_1040/9505350.py,263
85,85,TabPFNClassifier(n_jobs=...) is deprecated and has no effect. Use `n_preprocessing_jobs` instead.,DeprecationWarning,/tmp/ipykernel_1040/9505350.py,263
86,86,TabPFNClassifier(n_jobs=...) is deprecated and has no effect. Use `n_preprocessing_jobs` instead.,DeprecationWarning,/tmp/ipykernel_1040/9505350.py,263
87,87,TabPFNClassifier(n_jobs=...) is deprecated and has no effect. Use `n_preprocessing_jobs` instead.,DeprecationWarning,/tmp/ipykernel_1040/9505350.py,263
88,88,TabPFNClassifier(n_jobs=...) is deprecated and has no effect. Use `n_preprocessing_jobs` instead.,DeprecationWarning,/tmp/ipykernel_1040/9505350.py,263
89,89,TabPFNClassifier(n_jobs=...) is deprecated and has no effect. Use `n_preprocessing_jobs` instead.,DeprecationWarning,/tmp/ipykernel_1040/9505350.py,263
90,90,TabPFNClassifier(n_jobs=...) is deprecated and has no effect. Use `n_preprocessing_jobs` instead.,DeprecationWarning,/tmp/ipykernel_1040/9505350.py,263
91,91,TabPFNClassifier(n_jobs=...) is deprecated and has no effect. Use `n_preprocessing_jobs` instead.,DeprecationWarning,/tmp/ipykernel_1040/9505350.py,263
92,92,TabPFNClassifier(n_jobs=...) is deprecated and has no effect. Use `n_preprocessing_jobs` instead.,DeprecationWarning,/tmp/ipykernel_1040/9505350.py,263
93,93,TabPFNClassifier(n_jobs=...) is deprecated and has no effect. Use `n_preprocessing_jobs` instead.,DeprecationWarning,/tmp/ipykernel_1040/9505350.py,263
94,94,TabPFNClassifier(n_jobs=...) is deprecated and has no effect. Use `n_preprocessing_jobs` instead.,DeprecationWarning,/tmp/ipykernel_1040/9505350.py,263
95,95,TabPFNClassifier(n_jobs=...) is deprecated and has no effect. Use `n_preprocessing_jobs` instead.,DeprecationWarning,/tmp/ipykernel_1040/9505350.py,263
96,96,TabPFNClassifier(n_jobs=...) is deprecated and has no effect. Use `n_preprocessing_jobs` instead.,DeprecationWarning,/tmp/ipykernel_1040/9505350.py,263
97,97,TabPFNClassifier(n_jobs=...) is deprecated and has no effect. Use `n_preprocessing_jobs` instead.,DeprecationWarning,/tmp/ipykernel_1040/9505350.py,263
98,98,TabPFNClassifier(n_jobs=...) is deprecated and has no effect. Use `n_preprocessing_jobs` instead.,DeprecationWarning,/tmp/ipykernel_1040/9505350.py,263
99,99,TabPFNClassifier(n_jobs=...) is deprecated and has no effect. Use `n_preprocessing_jobs` instead.,DeprecationWarning,/tmp/ipykernel_1040/9505350.py,263
100,100,TabPFNClassifier(n_jobs=...) is deprecated and has no effect. Use `n_preprocessing_jobs` instead.,DeprecationWarning,/tmp/ipykernel_1040/9505350.py,263
101,101,TabPFNClassifier(n_jobs=...) is deprecated and has no effect. Use `n_preprocessing_jobs` instead.,DeprecationWarning,/tmp/ipykernel_1040/9505350.py,263
102,102,TabPFNClassifier(n_jobs=...) is deprecated and has no effect. Use `n_preprocessing_jobs` instead.,DeprecationWarning,/tmp/ipykernel_1040/9505350.py,263
103,103,TabPFNClassifier(n_jobs=...) is deprecated and has no effect. Use `n_preprocessing_jobs` instead.,DeprecationWarning,/tmp/ipykernel_1040/9505350.py,263
104,104,TabPFNClassifier(n_jobs=...) is deprecated and has no effect. Use `n_preprocessing_jobs` instead.,DeprecationWarning,/tmp/ipykernel_1040/9505350.py,263
105,105,TabPFNClassifier(n_jobs=...) is deprecated and has no effect. Use `n_preprocessing_jobs` instead.,DeprecationWarning,/tmp/ipykernel_1040/9505350.py,263
106,106,TabPFNClassifier(n_jobs=...) is deprecated and has no effect. Use `n_preprocessing_jobs` instead.,DeprecationWarning,/tmp/ipykernel_1040/9505350.py,263
107,107,TabPFNClassifier(n_jobs=...) is deprecated and has no effect. Use `n_preprocessing_jobs` instead.,DeprecationWarning,/tmp/ipykernel_1040/9505350.py,263
108,108,TabPFNClassifier(n_jobs=...) is deprecated and has no effect. Use `n_preprocessing_jobs` instead.,DeprecationWarning,/tmp/ipykernel_1040/9505350.py,263
109,109,TabPFNClassifier(n_jobs=...) is deprecated and has no effect. Use `n_preprocessing_jobs` instead.,DeprecationWarning,/tmp/ipykernel_1040/9505350.py,263
110,110,TabPFNClassifier(n_jobs=...) is deprecated and has no effect. Use `n_preprocessing_jobs` instead.,DeprecationWarning,/tmp/ipykernel_1040/9505350.py,263
111,111,TabPFNClassifier(n_jobs=...) is deprecated and has no effect. Use `n_preprocessing_jobs` instead.,DeprecationWarning,/tmp/ipykernel_1040/9505350.py,263
112,112,TabPFNClassifier(n_jobs=...) is deprecated and has no effect. Use `n_preprocessing_jobs` instead.,DeprecationWarning,/tmp/ipykernel_1040/9505350.py,263
113,113,TabPFNClassifier(n_jobs=...) is deprecated and has no effect. Use `n_preprocessing_jobs` instead.,DeprecationWarning,/tmp/ipykernel_1040/9505350.py,263
114,114,TabPFNClassifier(n_jobs=...) is deprecated and has no effect. Use `n_preprocessing_jobs` instead.,DeprecationWarning,/tmp/ipykernel_1040/9505350.py,263
115,115,TabPFNClassifier(n_jobs=...) is deprecated and has no effect. Use `n_preprocessing_jobs` instead.,DeprecationWarning,/tmp/ipykernel_1040/9505350.py,263
116,116,TabPFNClassifier(n_jobs=...) is deprecated and has no effect. Use `n_preprocessing_jobs` instead.,DeprecationWarning,/tmp/ipykernel_1040/9505350.py,263
117,117,TabPFNClassifier(n_jobs=...) is deprecated and has no effect. Use `n_preprocessing_jobs` instead.,DeprecationWarning,/tmp/ipykernel_1040/9505350.py,263
118,118,TabPFNClassifier(n_jobs=...) is deprecated and has no effect. Use `n_preprocessing_jobs` instead.,DeprecationWarning,/tmp/ipykernel_1040/9505350.py,263
119,119,TabPFNClassifier(n_jobs=...) is deprecated and has no effect. Use `n_preprocessing_jobs` instead.,DeprecationWarning,/tmp/ipykernel_1040/9505350.py,263
120,120,TabPFNClassifier(n_jobs=...) is deprecated and has no effect. Use `n_preprocessing_jobs` instead.,DeprecationWarning,/tmp/ipykernel_1040/9505350.py,263
121,121,TabPFNClassifier(n_jobs=...) is deprecated and has no effect. Use `n_preprocessing_jobs` instead.,DeprecationWarning,/tmp/ipykernel_1040/9505350.py,263
122,122,TabPFNClassifier(n_jobs=...) is deprecated and has no effect. Use `n_preprocessing_jobs` instead.,DeprecationWarning,/tmp/ipykernel_1040/9505350.py,263
123,123,TabPFNClassifier(n_jobs=...) is deprecated and has no effect. Use `n_preprocessing_jobs` instead.,DeprecationWarning,/tmp/ipykernel_1040/9505350.py,263
124,124,TabPFNClassifier(n_jobs=...) is deprecated and has no effect. Use `n_preprocessing_jobs` instead.,DeprecationWarning,/tmp/ipykernel_1040/9505350.py,263
125,125,TabPFNClassifier(n_jobs=...) is deprecated and has no effect. Use `n_preprocessing_jobs` instead.,DeprecationWarning,/tmp/ipykernel_1040/9505350.py,263
126,126,TabPFNClassifier(n_jobs=...) is deprecated and has no effect. Use `n_preprocessing_jobs` instead.,DeprecationWarning,/tmp/ipykernel_1040/9505350.py,263
127,127,TabPFNClassifier(n_jobs=...) is deprecated and has no effect. Use `n_preprocessing_jobs` instead.,DeprecationWarning,/tmp/ipykernel_1040/9505350.py,263
128,128,TabPFNClassifier(n_jobs=...) is deprecated and has no effect. Use `n_preprocessing_jobs` instead.,DeprecationWarning,/tmp/ipykernel_1040/9505350.py,263
129,129,TabPFNClassifier(n_jobs=...) is deprecated and has no effect. Use `n_preprocessing_jobs` instead.,DeprecationWarning,/tmp/ipykernel_1040/9505350.py,263
130,130,TabPFNClassifier(n_jobs=...) is deprecated and has no effect. Use `n_preprocessing_jobs` instead.,DeprecationWarning,/tmp/ipykernel_1040/9505350.py,263
131,131,TabPFNClassifier(n_jobs=...) is deprecated and has no effect. Use `n_preprocessing_jobs` instead.,DeprecationWarning,/tmp/ipykernel_1040/9505350.py,263
132,132,TabPFNClassifier(n_jobs=...) is deprecated and has no effect. Use `n_preprocessing_jobs` instead.,DeprecationWarning,/tmp/ipykernel_1040/9505350.py,263
133,133,TabPFNClassifier(n_jobs=...) is deprecated and has no effect. Use `n_preprocessing_jobs` instead.,DeprecationWarning,/tmp/ipykernel_1040/9505350.py,263
134,134,TabPFNClassifier(n_jobs=...) is deprecated and has no effect. Use `n_preprocessing_jobs` instead.,DeprecationWarning,/tmp/ipykernel_1040/9505350.py,263
135,135,TabPFNClassifier(n_jobs=...) is deprecated and has no effect. Use `n_preprocessing_jobs` instead.,DeprecationWarning,/tmp/ipykernel_1040/9505350.py,263
136,136,TabPFNClassifier(n_jobs=...) is deprecated and has no effect. Use `n_preprocessing_jobs` instead.,DeprecationWarning,/tmp/ipykernel_1040/9505350.py,263
137,137,TabPFNClassifier(n_jobs=...) is deprecated and has no effect. Use `n_preprocessing_jobs` instead.,DeprecationWarning,/tmp/ipykernel_1040/9505350.py,263
138,138,TabPFNClassifier(n_jobs=...) is deprecated and has no effect. Use `n_preprocessing_jobs` instead.,DeprecationWarning,/tmp/ipykernel_1040/9505350.py,263
139,139,TabPFNClassifier(n_jobs=...) is deprecated and has no effect. Use `n_preprocessing_jobs` instead.,DeprecationWarning,/tmp/ipykernel_1040/9505350.py,263
140,140,TabPFNClassifier(n_jobs=...) is deprecated and has no effect. Use `n_preprocessing_jobs` instead.,DeprecationWarning,/tmp/ipykernel_1040/9505350.py,263
141,141,TabPFNClassifier(n_jobs=...) is deprecated and has no effect. Use `n_preprocessing_jobs` instead.,DeprecationWarning,/tmp/ipykernel_1040/9505350.py,263
142,142,TabPFNClassifier(n_jobs=...) is deprecated and has no effect. Use `n_preprocessing_jobs` instead.,DeprecationWarning,/tmp/ipykernel_1040/9505350.py,263
143,143,TabPFNClassifier(n_jobs=...) is deprecated and has no effect. Use `n_preprocessing_jobs` instead.,DeprecationWarning,/tmp/ipykernel_1040/9505350.py,263
144,144,TabPFNClassifier(n_jobs=...) is deprecated and has no effect. Use `n_preprocessing_jobs` instead.,DeprecationWarning,/tmp/ipykernel_1040/9505350.py,263
145,145,TabPFNClassifier(n_jobs=...) is deprecated and has no effect. Use `n_preprocessing_jobs` instead.,DeprecationWarning,/tmp/ipykernel_1040/9505350.py,263
146,146,TabPFNClassifier(n_jobs=...) is deprecated and has no effect. Use `n_preprocessing_jobs` instead.,DeprecationWarning,/tmp/ipykernel_1040/9505350.py,263
147,147,TabPFNClassifier(n_jobs=...) is deprecated and has no effect. Use `n_preprocessing_jobs` instead.,DeprecationWarning,/tmp/ipykernel_1040/9505350.py,263
148,148,TabPFNClassifier(n_jobs=...) is deprecated and has no effect. Use `n_preprocessing_jobs` instead.,DeprecationWarning,/tmp/ipykernel_1040/9505350.py,263
149,149,TabPFNClassifier(n_jobs=...) is deprecated and has no effect. Use `n_preprocessing_jobs` instead.,DeprecationWarning,/tmp/ipykernel_1040/9505350.py,263
150,150,TabPFNClassifier(n_jobs=...) is deprecated and has no effect. Use `n_preprocessing_jobs` instead.,DeprecationWarning,/tmp/ipykernel_1040/9505350.py,263
151,151,TabPFNClassifier(n_jobs=...) is deprecated and has no effect. Use `n_preprocessing_jobs` instead.,DeprecationWarning,/tmp/ipykernel_1040/9505350.py,263
152,152,TabPFNClassifier(n_jobs=...) is deprecated and has no effect. Use `n_preprocessing_jobs` instead.,DeprecationWarning,/tmp/ipykernel_1040/9505350.py,263
153,153,TabPFNClassifier(n_jobs=...) is deprecated and has no effect. Use `n_preprocessing_jobs` instead.,DeprecationWarning,/tmp/ipykernel_1040/9505350.py,263
154,154,TabPFNClassifier(n_jobs=...) is deprecated and has no effect. Use `n_preprocessing_jobs` instead.,DeprecationWarning,/tmp/ipykernel_1040/9505350.py,263
155,155,TabPFNClassifier(n_jobs=...) is deprecated and has no effect. Use `n_preprocessing_jobs` instead.,DeprecationWarning,/tmp/ipykernel_1040/9505350.py,263
156,156,TabPFNClassifier(n_jobs=...) is deprecated and has no effect. Use `n_preprocessing_jobs` instead.,DeprecationWarning,/tmp/ipykernel_1040/9505350.py,263
157,157,TabPFNClassifier(n_jobs=...) is deprecated and has no effect. Use `n_preprocessing_jobs` instead.,DeprecationWarning,/tmp/ipykernel_1040/9505350.py,263
158,158,TabPFNClassifier(n_jobs=...) is deprecated and has no effect. Use `n_preprocessing_jobs` instead.,DeprecationWarning,/tmp/ipykernel_1040/9505350.py,263
159,159,TabPFNClassifier(n_jobs=...) is deprecated and has no effect. Use `n_preprocessing_jobs` instead.,DeprecationWarning,/tmp/ipykernel_1040/9505350.py,263
160,160,TabPFNClassifier(n_jobs=...) is deprecated and has no effect. Use `n_preprocessing_jobs` instead.,DeprecationWarning,/tmp/ipykernel_1040/9505350.py,263
161,161,TabPFNClassifier(n_jobs=...) is deprecated and has no effect. Use `n_preprocessing_jobs` instead.,DeprecationWarning,/tmp/ipykernel_1040/9505350.py,263
162,162,TabPFNClassifier(n_jobs=...) is deprecated and has no effect. Use `n_preprocessing_jobs` instead.,DeprecationWarning,/tmp/ipykernel_1040/9505350.py,263
163,163,TabPFNClassifier(n_jobs=...) is deprecated and has no effect. Use `n_preprocessing_jobs` instead.,DeprecationWarning,/tmp/ipykernel_1040/9505350.py,263
164,164,TabPFNClassifier(n_jobs=...) is deprecated and has no effect. Use `n_preprocessing_jobs` instead.,DeprecationWarning,/tmp/ipykernel_1040/9505350.py,263
165,165,TabPFNClassifier(n_jobs=...) is deprecated and has no effect. Use `n_preprocessing_jobs` instead.,DeprecationWarning,/tmp/ipykernel_1040/9505350.py,263
166,166,TabPFNClassifier(n_jobs=...) is deprecated and has no effect. Use `n_preprocessing_jobs` instead.,DeprecationWarning,/tmp/ipykernel_1040/9505350.py,263
167,167,TabPFNClassifier(n_jobs=...) is deprecated and has no effect. Use `n_preprocessing_jobs` instead.,DeprecationWarning,/tmp/ipykernel_1040/9505350.py,263
168,168,TabPFNClassifier(n_jobs=...) is deprecated and has no effect. Use `n_preprocessing_jobs` instead.,DeprecationWarning,/tmp/ipykernel_1040/9505350.py,263
169,169,TabPFNClassifier(n_jobs=...) is deprecated and has no effect. Use `n_preprocessing_jobs` instead.,DeprecationWarning,/tmp/ipykernel_1040/9505350.py,263
170,170,TabPFNClassifier(n_jobs=...) is deprecated and has no effect. Use `n_preprocessing_jobs` instead.,DeprecationWarning,/tmp/ipykernel_1040/9505350.py,263
171,171,TabPFNClassifier(n_jobs=...) is deprecated and has no effect. Use `n_preprocessing_jobs` instead.,DeprecationWarning,/tmp/ipykernel_1040/9505350.py,263
172,172,TabPFNClassifier(n_jobs=...) is deprecated and has no effect. Use `n_preprocessing_jobs` instead.,DeprecationWarning,/tmp/ipykernel_1040/9505350.py,263
173,173,TabPFNClassifier(n_jobs=...) is deprecated and has no effect. Use `n_preprocessing_jobs` instead.,DeprecationWarning,/tmp/ipykernel_1040/9505350.py,263
174,174,TabPFNClassifier(n_jobs=...) is deprecated and has no effect. Use `n_preprocessing_jobs` instead.,DeprecationWarning,/tmp/ipykernel_1040/9505350.py,263
175,175,TabPFNClassifier(n_jobs=...) is deprecated and has no effect. Use `n_preprocessing_jobs` instead.,DeprecationWarning,/tmp/ipykernel_1040/9505350.py,263
176,176,TabPFNClassifier(n_jobs=...) is deprecated and has no effect. Use `n_preprocessing_jobs` instead.,DeprecationWarning,/tmp/ipykernel_1040/9505350.py,263
177,177,TabPFNClassifier(n_jobs=...) is deprecated and has no effect. Use `n_preprocessing_jobs` instead.,DeprecationWarning,/tmp/ipykernel_1040/9505350.py,263
178,178,TabPFNClassifier(n_jobs=...) is deprecated and has no effect. Use `n_preprocessing_jobs` instead.,DeprecationWarning,/tmp/ipykernel_1040/9505350.py,263
179,179,TabPFNClassifier(n_jobs=...) is deprecated and has no effect. Use `n_preprocessing_jobs` instead.,DeprecationWarning,/tmp/ipykernel_1040/9505350.py,263
180,180,TabPFNClassifier(n_jobs=...) is deprecated and has no effect. Use `n_preprocessing_jobs` instead.,DeprecationWarning,/tmp/ipykernel_1040/9505350.py,263
181,181,TabPFNClassifier(n_jobs=...) is deprecated and has no effect. Use `n_preprocessing_jobs` instead.,DeprecationWarning,/tmp/ipykernel_1040/9505350.py,263
182,182,TabPFNClassifier(n_jobs=...) is deprecated and has no effect. Use `n_preprocessing_jobs` instead.,DeprecationWarning,/tmp/ipykernel_1040/9505350.py,263
183,183,TabPFNClassifier(n_jobs=...) is deprecated and has no effect. Use `n_preprocessing_jobs` instead.,DeprecationWarning,/tmp/ipykernel_1040/9505350.py,263
184,184,TabPFNClassifier(n_jobs=...) is deprecated and has no effect. Use `n_preprocessing_jobs` instead.,DeprecationWarning,/tmp/ipykernel_1040/9505350.py,263
185,185,TabPFNClassifier(n_jobs=...) is deprecated and has no effect. Use `n_preprocessing_jobs` instead.,DeprecationWarning,/tmp/ipykernel_1040/9505350.py,263
186,186,TabPFNClassifier(n_jobs=...) is deprecated and has no effect. Use `n_preprocessing_jobs` instead.,DeprecationWarning,/tmp/ipykernel_1040/9505350.py,263
187,187,TabPFNClassifier(n_jobs=...) is deprecated and has no effect. Use `n_preprocessing_jobs` instead.,DeprecationWarning,/tmp/ipykernel_1040/9505350.py,263
188,188,TabPFNClassifier(n_jobs=...) is deprecated and has no effect. Use `n_preprocessing_jobs` instead.,DeprecationWarning,/tmp/ipykernel_1040/9505350.py,263
189,189,TabPFNClassifier(n_jobs=...) is deprecated and has no effect. Use `n_preprocessing_jobs` instead.,DeprecationWarning,/tmp/ipykernel_1040/9505350.py,263
190,190,TabPFNClassifier(n_jobs=...) is deprecated and has no effect. Use `n_preprocessing_jobs` instead.,DeprecationWarning,/tmp/ipykernel_1040/9505350.py,263
191,191,TabPFNClassifier(n_jobs=...) is deprecated and has no effect. Use `n_preprocessing_jobs` instead.,DeprecationWarning,/tmp/ipykernel_1040/9505350.py,263
192,192,TabPFNClassifier(n_jobs=...) is deprecated and has no effect. Use `n_preprocessing_jobs` instead.,DeprecationWarning,/tmp/ipykernel_1040/9505350.py,263
193,193,TabPFNClassifier(n_jobs=...) is deprecated and has no effect. Use `n_preprocessing_jobs` instead.,DeprecationWarning,/tmp/ipykernel_1040/9505350.py,263
194,194,TabPFNClassifier(n_jobs=...) is deprecated and has no effect. Use `n_preprocessing_jobs` instead.,DeprecationWarning,/tmp/ipykernel_1040/9505350.py,263
195,195,TabPFNClassifier(n_jobs=...) is deprecated and has no effect. Use `n_preprocessing_jobs` instead.,DeprecationWarning,/tmp/ipykernel_1040/9505350.py,263
196,196,TabPFNClassifier(n_jobs=...) is deprecated and has no effect. Use `n_preprocessing_jobs` instead.,DeprecationWarning,/tmp/ipykernel_1040/9505350.py,263
197,197,TabPFNClassifier(n_jobs=...) is deprecated and has no effect. Use `n_preprocessing_jobs` instead.,DeprecationWarning,/tmp/ipykernel_1040/9505350.py,263
198,198,TabPFNClassifier(n_jobs=...) is deprecated and has no effect. Use `n_preprocessing_jobs` instead.,DeprecationWarning,/tmp/ipykernel_1040/9505350.py,263
199,199,TabPFNClassifier(n_jobs=...) is deprecated and has no effect. Use `n_preprocessing_jobs` instead.,DeprecationWarning,/tmp/ipykernel_1040/9505350.py,263
